[A]행정구역(시군구)별,행정구역(시군구)별,시점,총인구수[명]
11,서울특별시,2010,10312545
11,서울특별시,2011,10249679
11,서울특별시,2012,10195318
11,서울특별시,2013,10143645
11,서울특별시,2014,10103233
11,서울특별시,2015,10022181
11,서울특별시,2016,9930616
11,서울특별시,2017,9857426
11,서울특별시,2018,9765623
11,서울특별시,2019,9729107
11,서울특별시,2020,9668465
11110,종로구,2010,170578
11110,종로구,2011,168382
11110,종로구,2012,165207
11110,종로구,2013,160070
11110,종로구,2014,156993
11110,종로구,2015,154986
11110,종로구,2016,152737
11110,종로구,2017,154770
11110,종로구,2018,153065
11110,종로구,2019,151290
11110,종로구,2020,149384
11140,중구,2010,132822
11140,중구,2011,133193
11140,중구,2012,133360
11140,중구,2013,130465
11140,중구,2014,128065
11140,중구,2015,125733
11140,중구,2016,125249
11140,중구,2017,125709
11140,중구,2018,125725
11140,중구,2019,126171
11140,중구,2020,125240
11170,용산구,2010,244853
11170,용산구,2011,246501
11170,용산구,2012,243232
11170,용산구,2013,239740
11170,용산구,2014,235951
11170,용산구,2015,233342
11170,용산구,2016,230241
11170,용산구,2017,229161
11170,용산구,2018,228999
11170,용산구,2019,228670
11170,용산구,2020,230040
11200,성동구,2010,309093
11200,성동구,2011,300711
11200,성동구,2012,299604
11200,성동구,2013,299337
11200,성동구,2014,296086
11200,성동구,2015,297003
11200,성동구,2016,299259
11200,성동구,2017,304808
11200,성동구,2018,308221
11200,성동구,2019,300889
11200,성동구,2020,293556
11215,광진구,2010,375463
11215,광진구,2011,371936
11215,광진구,2012,371313
11215,광진구,2013,368927
11215,광진구,2014,363354
11215,광진구,2015,360369
11215,광진구,2016,357215
11215,광진구,2017,357703
11215,광진구,2018,355559
11215,광진구,2019,351350
11215,광진구,2020,346682
11230,동대문구,2010,366786
11230,동대문구,2011,365486
11230,동대문구,2012,363258
11230,동대문구,2013,364273
11230,동대문구,2014,363687
11230,동대문구,2015,360153
11230,동대문구,2016,355069
11230,동대문구,2017,350647
11230,동대문구,2018,348052
11230,동대문구,2019,346194
11230,동대문구,2020,342837
11260,중랑구,2010,427455
11260,중랑구,2011,423706
11260,중랑구,2012,419295
11260,중랑구,2013,416798
11260,중랑구,2014,418836
11260,중랑구,2015,413909
11260,중랑구,2016,411005
11260,중랑구,2017,408226
11260,중랑구,2018,403209
11260,중랑구,2019,397015
11260,중랑구,2020,394702
11290,성북구,2010,488932
11290,성북구,2011,485171
11290,성북구,2012,481857
11290,성북구,2013,476589
11290,성북구,2014,466706
11290,성북구,2015,459275
11290,성북구,2016,450355
11290,성북구,2017,444055
11290,성북구,2018,435868
11290,성북구,2019,442650
11290,성북구,2020,437153
11305,강북구,2010,346520
11305,강북구,2011,345054
11305,강북구,2012,343157
11305,강북구,2013,338707
11305,강북구,2014,335025
11305,강북구,2015,330873
11305,강북구,2016,327195
11305,강북구,2017,324479
11305,강북구,2018,319164
11305,강북구,2019,313954
11305,강북구,2020,308055
11320,도봉구,2010,368298
11320,도봉구,2011,365573
11320,도봉구,2012,362270
11320,도봉구,2013,358582
11320,도봉구,2014,353709
11320,도봉구,2015,351242
11320,도봉구,2016,348220
11320,도봉구,2017,344166
11320,도봉구,2018,339413
11320,도봉구,2019,333362
11320,도봉구,2020,325257
11350,노원구,2010,611230
11350,노원구,2011,603930
11350,노원구,2012,597189
11350,노원구,2013,590479
11350,노원구,2014,582552
11350,노원구,2015,574583
11350,노원구,2016,567581
11350,노원구,2017,554403
11350,노원구,2018,543752
11350,노원구,2019,532905
11350,노원구,2020,523037
11380,은평구,2010,488109
11380,은평구,2011,493634
11380,은평구,2012,501480
11380,은평구,2013,503660
11380,은평구,2014,498644
11380,은평구,2015,497920
11380,은평구,2016,491476
11380,은평구,2017,486794
11380,은평구,2018,483197
11380,은평구,2019,480032
11380,은평구,2020,479835
11410,서대문구,2010,324541
11410,서대문구,2011,314852
11410,서대문구,2012,315113
11410,서대문구,2013,314110
11410,서대문구,2014,310376
11410,서대문구,2015,312141
11410,서대문구,2016,314194
11410,서대문구,2017,312800
11410,서대문구,2018,310313
11410,서대문구,2019,309397
11410,서대문구,2020,312173
11440,마포구,2010,391865
11440,마포구,2011,389493
11440,마포구,2012,384644
11440,마포구,2013,381856
11440,마포구,2014,385439
11440,마포구,2015,387643
11440,마포구,2016,379892
11440,마포구,2017,374915
11440,마포구,2018,375077
11440,마포구,2019,374035
11440,마포구,2020,371890
11470,양천구,2010,500001
11470,양천구,2011,500210
11470,양천구,2012,495911
11470,양천구,2013,492528
11470,양천구,2014,486221
11470,양천구,2015,484532
11470,양천구,2016,477739
11470,양천구,2017,471154
11470,양천구,2018,464185
11470,양천구,2019,458165
11470,양천구,2020,454251
11500,강서구,2010,574127
11500,강서구,2011,569072
11500,강서구,2012,567431
11500,강서구,2013,569070
11500,강서구,2014,585160
11500,강서구,2015,589074
11500,강서구,2016,595485
11500,강서구,2017,601691
11500,강서구,2018,596949
11500,강서구,2019,591796
11500,강서구,2020,580185
11530,구로구,2010,423736
11530,구로구,2011,427468
11530,구로구,2012,427520
11530,구로구,2013,424964
11530,구로구,2014,425831
11530,구로구,2015,422092
11530,구로구,2016,417551
11530,구로구,2017,410742
11530,구로구,2018,404497
11530,구로구,2019,406664
11530,구로구,2020,404408
11545,금천구,2010,245195
11545,금천구,2011,243438
11545,금천구,2012,243288
11545,금천구,2013,241020
11545,금천구,2014,238463
11545,금천구,2015,236284
11545,금천구,2016,235386
11545,금천구,2017,235154
11545,금천구,2018,233917
11545,금천구,2019,232810
11545,금천구,2020,231733
11560,영등포구,2010,406833
11560,영등포구,2011,397443
11560,영등포구,2012,391408
11560,영등포구,2013,386471
11560,영등포구,2014,382352
11560,영등포구,2015,378504
11560,영등포구,2016,370613
11560,영등포구,2017,368550
11560,영등포구,2018,367778
11560,영등포구,2019,367678
11560,영등포구,2020,379480
11590,동작구,2010,402709
11590,동작구,2011,401408
11590,동작구,2012,405491
11590,동작구,2013,410815
11590,동작구,2014,407470
11590,동작구,2015,400641
11590,동작구,2016,400997
11590,동작구,2017,396217
11590,동작구,2018,396203
11590,동작구,2019,395963
11590,동작구,2020,391220
11620,관악구,2010,531434
11620,관악구,2011,526397
11620,관악구,2012,523029
11620,관악구,2013,518028
11620,관악구,2014,513186
11620,관악구,2015,509663
11620,관악구,2016,506851
11620,관악구,2017,503297
11620,관악구,2018,501957
11620,관악구,2019,500094
11620,관악구,2020,495060
11650,서초구,2010,434720
11650,서초구,2011,433564
11650,서초구,2012,435044
11650,서초구,2013,441763
11650,서초구,2014,449678
11650,서초구,2015,446764
11650,서초구,2016,447192
11650,서초구,2017,441102
11650,서초구,2018,433951
11650,서초구,2019,430826
11650,서초구,2020,425126
11680,강남구,2010,570095
11680,강남구,2011,565710
11680,강남구,2012,564197
11680,강남구,2013,563599
11680,강남구,2014,578114
11680,강남구,2015,576495
11680,강남구,2016,567115
11680,강남구,2017,556164
11680,강남구,2018,542364
11680,강남구,2019,545169
11680,강남구,2020,539231
11710,송파구,2010,685279
11710,송파구,2011,682209
11710,송파구,2012,673115
11710,송파구,2013,668415
11710,송파구,2014,664738
11710,송파구,2015,660302
11710,송파구,2016,657831
11710,송파구,2017,664496
11710,송파구,2018,666635
11710,송파구,2019,675961
11710,송파구,2020,667960
11740,강동구,2010,491871
11740,강동구,2011,495138
11740,강동구,2012,487905
11740,강동구,2013,483379
11740,강동구,2014,476597
11740,강동구,2015,458658
11740,강동구,2016,444168
11740,강동구,2017,436223
11740,강동구,2018,427573
11740,강동구,2019,436067
11740,강동구,2020,459970
26,부산광역시,2010,3567910
26,부산광역시,2011,3550963
26,부산광역시,2012,3538484
26,부산광역시,2013,3527635
26,부산광역시,2014,3519401
26,부산광역시,2015,3513777
26,부산광역시,2016,3498529
26,부산광역시,2017,3470653
26,부산광역시,2018,3441453
26,부산광역시,2019,3413841
26,부산광역시,2020,3391946
26110,중구,2010,49442
26110,중구,2011,48686
26110,중구,2012,48148
26110,중구,2013,47345
26110,중구,2014,46737
26110,중구,2015,45816
26110,중구,2016,45208
26110,중구,2017,44218
26110,중구,2018,42795
26110,중구,2019,41910
26110,중구,2020,41523
26140,서구,2010,126040
26140,서구,2011,123718
26140,서구,2012,120828
26140,서구,2013,118783
26140,서구,2014,118115
26140,서구,2015,115963
26140,서구,2016,112973
26140,서구,2017,110039
26140,서구,2018,110534
26140,서구,2019,108229
26140,서구,2020,108135
26170,동구,2010,101514
26170,동구,2011,100420
26170,동구,2012,98529
26170,동구,2013,96011
26170,동구,2014,94565
26170,동구,2015,92069
26170,동구,2016,89826
26170,동구,2017,88868
26170,동구,2018,86912
26170,동구,2019,88165
26170,동구,2020,88901
26200,영도구,2010,146798
26200,영도구,2011,143205
26200,영도구,2012,139765
26200,영도구,2013,135816
26200,영도구,2014,132102
26200,영도구,2015,129385
26200,영도구,2016,126362
26200,영도구,2017,123521
26200,영도구,2018,120109
26200,영도구,2019,116711
26200,영도구,2020,113342
26230,부산진구,2010,395826
26230,부산진구,2011,395044
26230,부산진구,2012,392731
26230,부산진구,2013,389765
26230,부산진구,2014,387378
26230,부산진구,2015,381572
26230,부산진구,2016,376526
26230,부산진구,2017,371703
26230,부산진구,2018,362357
26230,부산진구,2019,357880
26230,부산진구,2020,359886
26260,동래구,2010,282779
26260,동래구,2011,283742
26260,동래구,2012,278767
26260,동래구,2013,276689
26260,동래구,2014,275971
26260,동래구,2015,272837
26260,동래구,2016,272745
26260,동래구,2017,270727
26260,동래구,2018,266515
26260,동래구,2019,271247
26260,동래구,2020,270745
26290,남구,2010,298458
26290,남구,2011,295121
26290,남구,2012,291175
26290,남구,2013,291770
26290,남구,2014,286989
26290,남구,2015,283101
26290,남구,2016,278779
26290,남구,2017,273854
26290,남구,2018,279917
26290,남구,2019,274480
26290,남구,2020,267731
26320,북구,2010,312218
26320,북구,2011,307988
26320,북구,2012,312937
26320,북구,2013,309719
26320,북구,2014,306974
26320,북구,2015,310484
26320,북구,2016,310202
26320,북구,2017,302924
26320,북구,2018,296952
26320,북구,2019,291132
26320,북구,2020,283952
26350,해운대구,2010,426729
26350,해운대구,2011,425618
26350,해운대구,2012,428188
26350,해운대구,2013,425536
26350,해운대구,2014,423531
26350,해운대구,2015,422818
26350,해운대구,2016,419853
26350,해운대구,2017,412039
26350,해운대구,2018,409347
26350,해운대구,2019,406102
26350,해운대구,2020,402169
26380,사하구,2010,358730
26380,사하구,2011,355443
26380,사하구,2012,352726
26380,사하구,2013,349110
26380,사하구,2014,343371
26380,사하구,2015,337781
26380,사하구,2016,334603
26380,사하구,2017,333301
26380,사하구,2018,327791
26380,사하구,2019,321004
26380,사하구,2020,311757
26410,금정구,2010,255419
26410,금정구,2011,254720
26410,금정구,2012,255692
26410,금정구,2013,253526
26410,금정구,2014,249856
26410,금정구,2015,246026
26410,금정구,2016,244624
26410,금정구,2017,244469
26410,금정구,2018,242956
26410,금정구,2019,239062
26410,금정구,2020,232666
26440,강서구,2010,62594
26440,강서구,2011,64733
26440,강서구,2012,65806
26440,강서구,2013,69873
26440,강서구,2014,79619
26440,강서구,2015,94608
26440,강서구,2016,108909
26440,강서구,2017,117382
26440,강서구,2018,122957
26440,강서구,2019,129566
26440,강서구,2020,137957
26470,연제구,2010,212696
26470,연제구,2011,213326
26470,연제구,2012,211536
26470,연제구,2013,209290
26470,연제구,2014,208012
26470,연제구,2015,210718
26470,연제구,2016,207268
26470,연제구,2017,206742
26470,연제구,2018,207840
26470,연제구,2019,209395
26470,연제구,2020,209157
26500,수영구,2010,178267
26500,수영구,2011,176691
26500,수영구,2012,176666
26500,수영구,2013,175098
26500,수영구,2014,178480
26500,수영구,2015,179795
26500,수영구,2016,179324
26500,수영구,2017,179996
26500,수영구,2018,176246
26500,수영구,2019,176148
26500,수영구,2020,176894
26530,사상구,2010,257843
26530,사상구,2011,254413
26530,사상구,2012,250424
26530,사상구,2013,246797
26530,사상구,2014,242953
26530,사상구,2015,237711
26530,사상구,2016,232800
26530,사상구,2017,229219
26530,사상구,2018,223361
26530,사상구,2019,218094
26530,사상구,2020,212586
26710,기장군,2010,102557
26710,기장군,2011,108095
26710,기장군,2012,114566
26710,기장군,2013,132507
26710,기장군,2014,144748
26710,기장군,2015,153093
26710,기장군,2016,158527
26710,기장군,2017,161651
26710,기장군,2018,164864
26710,기장군,2019,164716
26710,기장군,2020,174545
27,대구광역시,2010,2511676
27,대구광역시,2011,2507271
27,대구광역시,2012,2505644
27,대구광역시,2013,2501588
27,대구광역시,2014,2493264
27,대구광역시,2015,2487829
27,대구광역시,2016,2484557
27,대구광역시,2017,2475231
27,대구광역시,2018,2461769
27,대구광역시,2019,2438031
27,대구광역시,2020,2418346
27110,중구,2010,77857
27110,중구,2011,76600
27110,중구,2012,75439
27110,중구,2013,76246
27110,중구,2014,78812
27110,중구,2015,80928
27110,중구,2016,79712
27110,중구,2017,78986
27110,중구,2018,79401
27110,중구,2019,77421
27110,중구,2020,76547
27140,동구,2010,337529
27140,동구,2011,341206
27140,동구,2012,342092
27140,동구,2013,343802
27140,동구,2014,347975
27140,동구,2015,349728
27140,동구,2016,351352
27140,동구,2017,349379
27140,동구,2018,351291
27140,동구,2019,345469
27140,동구,2020,341920
27170,서구,2010,224618
27170,서구,2011,222619
27170,서구,2012,220211
27170,서구,2013,215399
27170,서구,2014,210770
27170,서구,2015,206028
27170,서구,2016,199507
27170,서구,2017,191992
27170,서구,2018,184372
27170,서구,2019,175277
27170,서구,2020,170700
27200,남구,2010,171197
27200,남구,2011,169095
27200,남구,2012,168715
27200,남구,2013,166062
27200,남구,2014,163492
27200,남구,2015,160852
27200,남구,2016,156433
27200,남구,2017,152845
27200,남구,2018,150501
27200,남구,2019,148113
27200,남구,2020,146632
27230,북구,2010,452505
27230,북구,2011,449775
27230,북구,2012,448485
27230,북구,2013,444359
27230,북구,2014,444375
27230,북구,2015,443119
27230,북구,2016,440383
27230,북구,2017,441375
27230,북구,2018,439489
27230,북구,2019,437710
27230,북구,2020,440263
27260,수성구,2010,461988
27260,수성구,2011,461083
27260,수성구,2012,459779
27260,수성구,2013,461004
27260,수성구,2014,456505
27260,수성구,2015,451786
27260,수성구,2016,447011
27260,수성구,2017,439211
27260,수성구,2018,432759
27260,수성구,2019,428614
27260,수성구,2020,424314
27290,달서구,2010,607083
27290,달서구,2011,606542
27290,달서구,2012,606557
27290,달서구,2013,610358
27290,달서구,2014,606433
27290,달서구,2015,602641
27290,달서구,2016,591891
27290,달서구,2017,578068
27290,달서구,2018,573413
27290,달서구,2019,568887
27290,달서구,2020,558631
27710,달성군,2010,178899
27710,달성군,2011,180351
27710,달성군,2012,184366
27710,달성군,2013,184358
27710,달성군,2014,184902
27710,달성군,2015,192747
27710,달성군,2016,218268
27710,달성군,2017,243375
27710,달성군,2018,250543
27710,달성군,2019,256540
27710,달성군,2020,259339
28,인천광역시,2010,2758296
28,인천광역시,2011,2801274
28,인천광역시,2012,2843981
28,인천광역시,2013,2879782
28,인천광역시,2014,2902608
28,인천광역시,2015,2925815
28,인천광역시,2016,2943069
28,인천광역시,2017,2948542
28,인천광역시,2018,2954642
28,인천광역시,2019,2957026
28,인천광역시,2020,2942828
28110,중구,2010,92890
28110,중구,2011,93581
28110,중구,2012,98648
28110,중구,2013,107774
28110,중구,2014,111929
28110,중구,2015,114493
28110,중구,2016,115249
28110,중구,2017,117999
28110,중구,2018,122499
28110,중구,2019,135135
28110,중구,2020,139729
28114,중구영종출장소,2020,0
28118,중구용유출장소,2020,0
28140,동구,2010,79663
28140,동구,2011,78692
28140,동구,2012,76720
28140,동구,2013,75093
28140,동구,2014,73978
28140,동구,2015,72571
28140,동구,2016,71014
28140,동구,2017,69487
28140,동구,2018,66233
28140,동구,2019,64427
28140,동구,2020,62542
28170,남구,2010,423876
28170,남구,2011,417996
28170,남구,2012,414500
28170,남구,2013,411330
28170,남구,2014,408305
28170,남구,2015,404893
28170,남구,2016,417103
28170,남구,2017,419267
28177,미추홀구,2018,416542
28177,미추홀구,2019,408862
28177,미추홀구,2020,404343
28185,연수구,2010,279230
28185,연수구,2011,287903
28185,연수구,2012,292589
28185,연수구,2013,300305
28185,연수구,2014,310703
28185,연수구,2015,319052
28185,연수구,2016,328627
28185,연수구,2017,335142
28185,연수구,2018,346359
28185,연수구,2019,366550
28185,연수구,2020,387450
28200,남동구,2010,473423
28200,남동구,2011,495469
28200,남동구,2012,503597
28200,남동구,2013,507021
28200,남동구,2014,514656
28200,남동구,2015,531395
28200,남동구,2016,530982
28200,남동구,2017,536578
28200,남동구,2018,537161
28200,남동구,2019,532704
28200,남동구,2020,525354
28237,부평구,2010,567493
28237,부평구,2011,560936
28237,부평구,2012,559047
28237,부평구,2013,556985
28237,부평구,2014,556992
28237,부평구,2015,555844
28237,부평구,2016,549716
28237,부평구,2017,539941
28237,부평구,2018,524640
28237,부평구,2019,511577
28237,부평구,2020,494962
28245,계양구,2010,347810
28245,계양구,2011,344299
28245,계양구,2012,342202
28245,계양구,2013,343806
28245,계양구,2014,339538
28245,계양구,2015,334332
28245,계양구,2016,330284
28245,계양구,2017,323784
28245,계양구,2018,312680
28245,계양구,2019,303471
28245,계양구,2020,296750
28260,서구,2010,408068
28260,서구,2011,436134
28260,서구,2012,469887
28260,서구,2013,490035
28260,서구,2014,498686
28260,서구,2015,504606
28260,서구,2016,510733
28260,서구,2017,516017
28260,서구,2018,538596
28260,서구,2019,544556
28260,서구,2020,542040
28265,서구검단출장소,2020,0
28710,강화군,2010,67104
28710,강화군,2011,66779
28710,강화군,2012,66752
28710,강화군,2013,66735
28710,강화군,2014,67118
28710,강화군,2015,67667
28710,강화군,2016,68010
28710,강화군,2017,68754
28710,강화군,2018,68896
28710,강화군,2019,69178
28710,강화군,2020,69203
28720,옹진군,2010,18739
28720,옹진군,2011,19485
28720,옹진군,2012,20039
28720,옹진군,2013,20698
28720,옹진군,2014,20703
28720,옹진군,2015,20962
28720,옹진군,2016,21351
28720,옹진군,2017,21573
28720,옹진군,2018,21036
28720,옹진군,2019,20566
28720,옹진군,2020,20455
29,광주광역시,2010,1454636
29,광주광역시,2011,1463464
29,광주광역시,2012,1469216
29,광주광역시,2013,1472910
29,광주광역시,2014,1475884
29,광주광역시,2015,1472199
29,광주광역시,2016,1469214
29,광주광역시,2017,1463770
29,광주광역시,2018,1459336
29,광주광역시,2019,1456468
29,광주광역시,2020,1450062
29110,동구,2010,104449
29110,동구,2011,106495
29110,동구,2012,105580
29110,동구,2013,103016
29110,동구,2014,100786
29110,동구,2015,98784
29110,동구,2016,95791
29110,동구,2017,95448
29110,동구,2018,94475
29110,동구,2019,98585
29110,동구,2020,102897
29140,서구,2010,303219
29140,서구,2011,317936
29140,서구,2012,316545
29140,서구,2013,315276
29140,서구,2014,310317
29140,서구,2015,305028
29140,서구,2016,309579
29140,서구,2017,306957
29140,서구,2018,304172
29140,서구,2019,300975
29140,서구,2020,296576
29155,남구,2010,216863
29155,남구,2011,219041
29155,남구,2012,218313
29155,남구,2013,216254
29155,남구,2014,219815
29155,남구,2015,221318
29155,남구,2016,219729
29155,남구,2017,218454
29155,남구,2018,216369
29155,남구,2019,218060
29155,남구,2020,214579
29170,북구,2010,466866
29170,북구,2011,444483
29170,북구,2012,443677
29170,북구,2013,445489
29170,북구,2014,447685
29170,북구,2015,446316
29170,북구,2016,441066
29170,북구,2017,438780
29170,북구,2018,439773
29170,북구,2019,433533
29170,북구,2020,430431
29200,광산구,2010,363239
29200,광산구,2011,375509
29200,광산구,2012,385101
29200,광산구,2013,392875
29200,광산구,2014,397281
29200,광산구,2015,400753
29200,광산구,2016,403049
29200,광산구,2017,404131
29200,광산구,2018,404547
29200,광산구,2019,405315
29200,광산구,2020,405579
30,대전광역시,2010,1503664
30,대전광역시,2011,1515603
30,대전광역시,2012,1524583
30,대전광역시,2013,1532811
30,대전광역시,2014,1531809
30,대전광역시,2015,1518775
30,대전광역시,2016,1514370
30,대전광역시,2017,1502227
30,대전광역시,2018,1489936
30,대전광역시,2019,1474870
30,대전광역시,2020,1463882
30110,동구,2010,248835
30110,동구,2011,251285
30110,동구,2012,251945
30110,동구,2013,250653
30110,동구,2014,245493
30110,동구,2015,239579
30110,동구,2016,234959
30110,동구,2017,230516
30110,동구,2018,229071
30110,동구,2019,226771
30110,동구,2020,223021
30140,중구,2010,265846
30140,중구,2011,265502
30140,중구,2012,264125
30140,중구,2013,264913
30140,중구,2014,261165
30140,중구,2015,256186
30140,중구,2016,252490
30140,중구,2017,248933
30140,중구,2018,244421
30140,중구,2019,240473
30140,중구,2020,235550
30170,서구,2010,499742
30170,서구,2011,499124
30170,서구,2012,496513
30170,서구,2013,498917
30170,서구,2014,496132
30170,서구,2015,490859
30170,서구,2016,491011
30170,서구,2017,487448
30170,서구,2018,484663
30170,서구,2019,481222
30170,서구,2020,477880
30200,유성구,2010,281692
30200,유성구,2011,294353
30200,유성구,2012,306312
30200,유성구,2013,313968
30200,유성구,2014,327461
30200,유성구,2015,335312
30200,유성구,2016,343222
30200,유성구,2017,348428
30200,유성구,2018,349790
30200,유성구,2019,349373
30200,유성구,2020,351047
30230,대덕구,2010,207549
30230,대덕구,2011,205339
30230,대덕구,2012,205688
30230,대덕구,2013,204360
30230,대덕구,2014,201558
30230,대덕구,2015,196839
30230,대덕구,2016,192688
30230,대덕구,2017,186902
30230,대덕구,2018,181991
30230,대덕구,2019,177031
30230,대덕구,2020,176384
31,울산광역시,2010,1126298
31,울산광역시,2011,1135494
31,울산광역시,2012,1147256
31,울산광역시,2013,1156480
31,울산광역시,2014,1166377
31,울산광역시,2015,1173534
31,울산광역시,2016,1172304
31,울산광역시,2017,1165132
31,울산광역시,2018,1155623
31,울산광역시,2019,1148019
31,울산광역시,2020,1136017
31110,중구,2010,232915
31110,중구,2011,232634
31110,중구,2012,233013
31110,중구,2013,234607
31110,중구,2014,238825
31110,중구,2015,244481
31110,중구,2016,242536
31110,중구,2017,238652
31110,중구,2018,231973
31110,중구,2019,223581
31110,중구,2020,217595
31140,남구,2010,344131
31140,남구,2011,343504
31140,남구,2012,346836
31140,남구,2013,349064
31140,남구,2014,347759
31140,남구,2015,343598
31140,남구,2016,340714
31140,남구,2017,335439
31140,남구,2018,330732
31140,남구,2019,323819
31140,남구,2020,320064
31170,동구,2010,170764
31170,동구,2011,172172
31170,동구,2012,175479
31170,동구,2013,178468
31170,동구,2014,176668
31170,동구,2015,174963
31170,동구,2016,174514
31170,동구,2017,169605
31170,동구,2018,164642
31170,동구,2019,159656
31170,동구,2020,156806
31200,북구,2010,177488
31200,북구,2011,182504
31200,북구,2012,184088
31200,북구,2013,185695
31200,북구,2014,188733
31200,북구,2015,191063
31200,북구,2016,195285
31200,북구,2017,200718
31200,북구,2018,206434
31200,북구,2019,217796
31200,북구,2020,219014
31710,울주군,2010,201000
31710,울주군,2011,204680
31710,울주군,2012,207840
31710,울주군,2013,208646
31710,울주군,2014,214392
31710,울주군,2015,219429
31710,울주군,2016,219255
31710,울주군,2017,220718
31710,울주군,2018,221842
31710,울주군,2019,223167
31710,울주군,2020,222538
36,세종특별자치시,2010,
36,세종특별자치시,2011,
36,세종특별자치시,2012,113117
36,세종특별자치시,2013,122153
36,세종특별자치시,2014,156125
36,세종특별자치시,2015,210884
36,세종특별자치시,2016,243048
36,세종특별자치시,2017,280100
36,세종특별자치시,2018,314126
36,세종특별자치시,2019,340575
36,세종특별자치시,2020,355831
36110,세종시,2010,
36110,세종시,2011,
36110,세종시,2012,113117
36110,세종시,2013,122153
36110,세종시,2014,156125
36110,세종시,2015,210884
36110,세종시,2016,243048
36110,세종시,2017,280100
36110,세종시,2018,314126
36110,세종시,2019,340575
36110,세종시,2020,355831
41,경기도,2010,11786622
41,경기도,2011,11937415
41,경기도,2012,12093299
41,경기도,2013,12234630
41,경기도,2014,12357830
41,경기도,2015,12522606
41,경기도,2016,12716780
41,경기도,2017,12873895
41,경기도,2018,13077153
41,경기도,2019,13239666
41,경기도,2020,13427014
41110,수원시,2010,1077535
41110,수원시,2011,1088489
41110,수원시,2012,1120258
41110,수원시,2013,1148157
41110,수원시,2014,1174228
41110,수원시,2015,1184624
41110,수원시,2016,1194041
41110,수원시,2017,1202628
41110,수원시,2018,1201166
41110,수원시,2019,1194465
41110,수원시,2020,1186078
41111,장안구,2010,293692
41111,장안구,2011,290999
41111,장안구,2012,291757
41111,장안구,2013,300908
41111,장안구,2014,301196
41111,장안구,2015,299016
41111,장안구,2016,296479
41111,장안구,2017,293828
41111,장안구,2018,286433
41111,장안구,2019,278377
41111,장안구,2020,273661
41113,권선구,2010,306783
41113,권선구,2011,321176
41113,권선구,2012,332633
41113,권선구,2013,331773
41113,권선구,2014,339835
41113,권선구,2015,351053
41113,권선구,2016,358393
41113,권선구,2017,365653
41113,권선구,2018,377647
41113,권선구,2019,371754
41113,권선구,2020,368645
41115,팔달구,2010,216503
41115,팔달구,2011,209772
41115,팔달구,2012,206794
41115,팔달구,2013,204805
41115,팔달구,2014,203479
41115,팔달구,2015,199180
41115,팔달구,2016,198515
41115,팔달구,2017,193311
41115,팔달구,2018,180974
41115,팔달구,2019,175866
41115,팔달구,2020,174930
41117,영통구,2010,260557
41117,영통구,2011,266542
41117,영통구,2012,289074
41117,영통구,2013,310671
41117,영통구,2014,329718
41117,영통구,2015,335375
41117,영통구,2016,340654
41117,영통구,2017,349836
41117,영통구,2018,356112
41117,영통구,2019,368468
41117,영통구,2020,368842
41130,성남시,2010,980190
41130,성남시,2011,979323
41130,성남시,2012,978615
41130,성남시,2013,979534
41130,성남시,2014,974608
41130,성남시,2015,971424
41130,성남시,2016,974580
41130,성남시,2017,967510
41130,성남시,2018,954347
41130,성남시,2019,942724
41130,성남시,2020,940064
41131,수정구,2010,241070
41131,수정구,2011,236123
41131,수정구,2012,233997
41131,수정구,2013,228167
41131,수정구,2014,223539
41131,수정구,2015,219531
41131,수정구,2016,232841
41131,수정구,2017,236932
41131,수정구,2018,234133
41131,수정구,2019,234678
41131,수정구,2020,241701
41133,중원구,2010,258093
41133,중원구,2011,254872
41133,중원구,2012,253883
41133,중원구,2013,256349
41133,중원구,2014,251982
41133,중원구,2015,250004
41133,중원구,2016,237909
41133,중원구,2017,230366
41133,중원구,2018,224885
41133,중원구,2019,220041
41133,중원구,2020,216131
41135,분당구,2010,481027
41135,분당구,2011,488328
41135,분당구,2012,490735
41135,분당구,2013,495018
41135,분당구,2014,499087
41135,분당구,2015,501889
41135,분당구,2016,503830
41135,분당구,2017,500212
41135,분당구,2018,495329
41135,분당구,2019,488005
41135,분당구,2020,482232
41150,의정부시,2010,431801
41150,의정부시,2011,430400
41150,의정부시,2012,429147
41150,의정부시,2013,430976
41150,의정부시,2014,431112
41150,의정부시,2015,433937
41150,의정부시,2016,438457
41150,의정부시,2017,441584
41150,의정부시,2018,447026
41150,의정부시,2019,451868
41150,의정부시,2020,461710
41170,안양시,2010,621714
41170,안양시,2011,615642
41170,안양시,2012,611412
41170,안양시,2013,607877
41170,안양시,2014,600809
41170,안양시,2015,597789
41170,안양시,2016,597414
41170,안양시,2017,587764
41170,안양시,2018,576831
41170,안양시,2019,567044
41170,안양시,2020,550027
41171,만안구,2010,266261
41171,만안구,2011,263077
41171,만안구,2012,253492
41171,만안구,2013,250246
41171,만안구,2014,247315
41171,만안구,2015,247270
41171,만안구,2016,252353
41171,만안구,2017,254977
41171,만안구,2018,251512
41171,만안구,2019,244235
41171,만안구,2020,239413
41173,동안구,2010,355453
41173,동안구,2011,352565
41173,동안구,2012,357920
41173,동안구,2013,357631
41173,동안구,2014,353494
41173,동안구,2015,350519
41173,동안구,2016,345061
41173,동안구,2017,332787
41173,동안구,2018,325319
41173,동안구,2019,322809
41173,동안구,2020,310614
41190,부천시,2010,875204
41190,부천시,2011,872452
41190,부천시,2012,869944
41190,부천시,2013,863720
41190,부천시,2014,855586
41190,부천시,2015,848987
41190,부천시,2016,851380
41190,부천시,2017,850329
41190,부천시,2018,843768
41190,부천시,2019,829996
41190,부천시,2020,818383
41195,원미구,2010,448602
41195,원미구,2011,446247
41195,원미구,2012,446604
41195,원미구,2013,444207
41195,원미구,2014,442638
41195,원미구,2015,442898
41197,소사구,2010,230557
41197,소사구,2011,232190
41197,소사구,2012,231363
41197,소사구,2013,229959
41197,소사구,2014,226400
41197,소사구,2015,222016
41199,오정구,2010,196045
41199,오정구,2011,194015
41199,오정구,2012,191977
41199,오정구,2013,189554
41199,오정구,2014,186548
41199,오정구,2015,184073
41210,광명시,2010,343982
41210,광명시,2011,355226
41210,광명시,2012,355560
41210,광명시,2013,353100
41210,광명시,2014,348560
41210,광명시,2015,344978
41210,광명시,2016,339484
41210,광명시,2017,332790
41210,광명시,2018,326841
41210,광명시,2019,316552
41210,광명시,2020,298599
41220,평택시,2010,419457
41220,평택시,2011,426886
41220,평택시,2012,434305
41220,평택시,2013,442034
41220,평택시,2014,449555
41220,평택시,2015,460532
41220,평택시,2016,470832
41220,평택시,2017,481530
41220,평택시,2018,495642
41220,평택시,2019,513027
41220,평택시,2020,537307
41222,송탄출장소,2020,0
41224,안중출장소,2020,0
41250,동두천시,2010,95653
41250,동두천시,2011,96253
41250,동두천시,2012,97175
41250,동두천시,2013,97557
41250,동두천시,2014,97595
41250,동두천시,2015,97974
41250,동두천시,2016,98277
41250,동두천시,2017,97071
41250,동두천시,2018,96226
41250,동두천시,2019,94768
41250,동두천시,2020,94353
41270,안산시,2010,714891
41270,안산시,2011,715586
41270,안산시,2012,715108
41270,안산시,2013,713666
41270,안산시,2014,707876
41270,안산시,2015,697885
41270,안산시,2016,689859
41270,안산시,2017,677710
41270,안산시,2018,660343
41270,안산시,2019,650918
41270,안산시,2020,654915
41271,상록구,2010,379136
41271,상록구,2011,380880
41271,상록구,2012,381556
41271,상록구,2013,382571
41271,상록구,2014,381508
41271,상록구,2015,379517
41271,상록구,2016,375857
41271,상록구,2017,370744
41271,상록구,2018,356311
41271,상록구,2019,344613
41271,상록구,2020,351888
41273,단원구,2010,335755
41273,단원구,2011,334706
41273,단원구,2012,333552
41273,단원구,2013,331095
41273,단원구,2014,326368
41273,단원구,2015,318368
41273,단원구,2016,314002
41273,단원구,2017,306966
41273,단원구,2018,304032
41273,단원구,2019,306305
41273,단원구,2020,303027
41280,고양시,2010,950115
41280,고양시,2011,961239
41280,고양시,2012,969916
41280,고양시,2013,990571
41280,고양시,2014,1006154
41280,고양시,2015,1027546
41280,고양시,2016,1039684
41280,고양시,2017,1041983
41280,고양시,2018,1044189
41280,고양시,2019,1066351
41280,고양시,2020,1079216
41281,덕양구,2010,394375
41281,덕양구,2011,391832
41281,덕양구,2012,396559
41281,덕양구,2013,410491
41281,덕양구,2014,424423
41281,덕양구,2015,441988
41281,덕양구,2016,446233
41281,덕양구,2017,448684
41281,덕양구,2018,450449
41281,덕양구,2019,466157
41281,덕양구,2020,476962
41285,일산동구,2010,269292
41285,일산동구,2011,278095
41285,일산동구,2012,281949
41285,일산동구,2013,283976
41285,일산동구,2014,284207
41285,일산동구,2015,285658
41285,일산동구,2016,292612
41285,일산동구,2017,293673
41285,일산동구,2018,296223
41285,일산동구,2019,297671
41285,일산동구,2020,299716
41287,일산서구,2010,286448
41287,일산서구,2011,291312
41287,일산서구,2012,291408
41287,일산서구,2013,296104
41287,일산서구,2014,297524
41287,일산서구,2015,299900
41287,일산서구,2016,300839
41287,일산서구,2017,299626
41287,일산서구,2018,297517
41287,일산서구,2019,302523
41287,일산서구,2020,302538
41290,과천시,2010,72279
41290,과천시,2011,71955
41290,과천시,2012,71068
41290,과천시,2013,70578
41290,과천시,2014,70156
41290,과천시,2015,68946
41290,과천시,2016,63778
41290,과천시,2017,57527
41290,과천시,2018,58142
41290,과천시,2019,58289
41290,과천시,2020,63231
41310,구리시,2010,196398
41310,구리시,2011,194881
41310,구리시,2012,192341
41310,구리시,2013,189680
41310,구리시,2014,186820
41310,구리시,2015,186721
41310,구리시,2016,193763
41310,구리시,2017,200042
41310,구리시,2018,203553
41310,구리시,2019,199265
41310,구리시,2020,197454
41360,남양주시,2010,564141
41360,남양주시,2011,578485
41360,남양주시,2012,599539
41360,남양주시,2013,618305
41360,남양주시,2014,636256
41360,남양주시,2015,653454
41360,남양주시,2016,662154
41360,남양주시,2017,665321
41360,남양주시,2018,681828
41360,남양주시,2019,701830
41360,남양주시,2020,713321
41362,풍양출장소,2020,0
41370,오산시,2010,182516
41370,오산시,2011,193892
41370,오산시,2012,200291
41370,오산시,2013,205460
41370,오산시,2014,208565
41370,오산시,2015,206828
41370,오산시,2016,208656
41370,오산시,2017,213437
41370,오산시,2018,220070
41370,오산시,2019,226379
41370,오산시,2020,229725
41390,시흥시,2010,403797
41390,시흥시,2011,401149
41390,시흥시,2012,399485
41390,시흥시,2013,396765
41390,시흥시,2014,394639
41390,시흥시,2015,398256
41390,시흥시,2016,402888
41390,시흥시,2017,419664
41390,시흥시,2018,448687
41390,시흥시,2019,473682
41390,시흥시,2020,500895
41410,군포시,2010,287833
41410,군포시,2011,287294
41410,군포시,2012,286841
41410,군포시,2013,286344
41410,군포시,2014,288408
41410,군포시,2015,287519
41410,군포시,2016,284890
41410,군포시,2017,281205
41410,군포시,2018,276916
41410,군포시,2019,275852
41410,군포시,2020,273791
41430,의왕시,2010,147443
41430,의왕시,2011,149607
41430,의왕시,2012,154757
41430,의왕시,2013,159772
41430,의왕시,2014,158482
41430,의왕시,2015,157740
41430,의왕시,2016,156763
41430,의왕시,2017,155767
41430,의왕시,2018,153932
41430,의왕시,2019,161153
41430,의왕시,2020,163795
41450,하남시,2010,150479
41450,하남시,2011,148397
41450,하남시,2012,146269
41450,하남시,2013,145096
41450,하남시,2014,148896
41450,하남시,2015,166713
41450,하남시,2016,211101
41450,하남시,2017,232487
41450,하남시,2018,254415
41450,하남시,2019,272455
41450,하남시,2020,293452
41460,용인시,2010,876550
41460,용인시,2011,896044
41460,용인시,2012,915959
41460,용인시,2013,941477
41460,용인시,2014,961026
41460,용인시,2015,975746
41460,용인시,2016,991126
41460,용인시,2017,1004081
41460,용인시,2018,1035126
41460,용인시,2019,1059609
41460,용인시,2020,1074176
41461,처인구,2010,207935
41461,처인구,2011,209200
41461,처인구,2012,210524
41461,처인구,2013,212904
41461,처인구,2014,218400
41461,처인구,2015,221347
41461,처인구,2016,226130
41461,처인구,2017,231553
41461,처인구,2018,249118
41461,처인구,2019,253896
41461,처인구,2020,257498
41463,기흥구,2010,357935
41463,기흥구,2011,368722
41463,기흥구,2012,375875
41463,기흥구,2013,393172
41463,기흥구,2014,402206
41463,기흥구,2015,409162
41463,기흥구,2016,417163
41463,기흥구,2017,419429
41463,기흥구,2018,427719
41463,기흥구,2019,436679
41463,기흥구,2020,440835
41465,수지구,2010,310680
41465,수지구,2011,318122
41465,수지구,2012,329560
41465,수지구,2013,335401
41465,수지구,2014,340420
41465,수지구,2015,345237
41465,수지구,2016,347833
41465,수지구,2017,353099
41465,수지구,2018,358289
41465,수지구,2019,369034
41465,수지구,2020,375843
41480,파주시,2010,355632
41480,파주시,2011,378790
41480,파주시,2012,394201
41480,파주시,2013,401718
41480,파주시,2014,411348
41480,파주시,2015,423321
41480,파주시,2016,430781
41480,파주시,2017,437848
41480,파주시,2018,451848
41480,파주시,2019,454040
41480,파주시,2020,465617
41500,이천시,2010,202595
41500,이천시,2011,204566
41500,이천시,2012,204917
41500,이천시,2013,205479
41500,이천시,2014,205014
41500,이천시,2015,204935
41500,이천시,2016,210359
41500,이천시,2017,213142
41500,이천시,2018,214206
41500,이천시,2019,215834
41500,이천시,2020,218388
41550,안성시,2010,177937
41550,안성시,2011,180743
41550,안성시,2012,181608
41550,안성시,2013,182173
41550,안성시,2014,181896
41550,안성시,2015,180199
41550,안성시,2016,182896
41550,안성시,2017,182786
41550,안성시,2018,183579
41550,안성시,2019,183405
41550,안성시,2020,187012
41570,김포시,2010,238339
41570,김포시,2011,256994
41570,김포시,2012,287432
41570,김포시,2013,312305
41570,김포시,2014,340310
41570,김포시,2015,349990
41570,김포시,2016,363443
41570,김포시,2017,392092
41570,김포시,2018,423170
41570,김포시,2019,437221
41570,김포시,2020,473970
41590,화성시,2010,505838
41590,화성시,2011,516765
41590,화성시,2012,525490
41590,화성시,2013,530251
41590,화성시,2014,540862
41590,화성시,2015,596525
41590,화성시,2016,640890
41590,화성시,2017,691086
41590,화성시,2018,758722
41590,화성시,2019,815396
41590,화성시,2020,855248
41592,화성시동부출장소,2020,0
41594,화성시동탄출장소,2020,0
41610,광주시,2010,249789
41610,광주시,2011,265222
41610,광주시,2012,275656
41610,광주시,2013,286699
41610,광주시,2014,298858
41610,광주시,2015,312579
41610,광주시,2016,327723
41610,광주시,2017,345947
41610,광주시,2018,363782
41610,광주시,2019,372654
41610,광주시,2020,382054
41630,양주시,2010,196706
41630,양주시,2011,200360
41630,양주시,2012,200310
41630,양주시,2013,199143
41630,양주시,2014,202072
41630,양주시,2015,205184
41630,양주시,2016,205513
41630,양주시,2017,212146
41630,양주시,2018,216951
41630,양주시,2019,222314
41630,양주시,2020,230359
41650,포천시,2010,158658
41650,포천시,2011,157967
41650,포천시,2012,157559
41650,포천시,2013,156603
41650,포천시,2014,155798
41650,포천시,2015,155192
41650,포천시,2016,154763
41650,포천시,2017,152925
41650,포천시,2018,150676
41650,포천시,2019,148379
41650,포천시,2020,147274
41670,여주시,2010,
41670,여주시,2011,
41670,여주시,2012,
41670,여주시,2013,109343
41670,여주시,2014,110386
41670,여주시,2015,111033
41670,여주시,2016,111563
41670,여주시,2017,111984
41670,여주시,2018,111525
41670,여주시,2019,111083
41670,여주시,2020,111897
41730,여주군,2010,109250
41730,여주군,2011,109120
41730,여주군,2012,109550
41730,여주군,2013,
41730,여주군,2014,
41800,연천군,2010,45177
41800,연천군,2011,44900
41800,연천군,2012,45599
41800,연천군,2013,45610
41800,연천군,2014,45363
41800,연천군,2015,45725
41800,연천군,2016,45907
41800,연천군,2017,45431
41800,연천군,2018,44633
41800,연천군,2019,43824
41800,연천군,2020,43516
41820,가평군,2010,58890
41820,가평군,2011,59358
41820,가평군,2012,60794
41820,가평군,2013,61017
41820,가평군,2014,61213
41820,가평군,2015,62008
41820,가평군,2016,62448
41820,가평군,2017,62973
41820,가평군,2018,62918
41820,가평군,2019,62415
41820,가평군,2020,62377
41830,양평군,2010,95833
41830,양평군,2011,99430
41830,양평군,2012,102193
41830,양평군,2013,103620
41830,양평군,2014,105379
41830,양평군,2015,108316
41830,양평군,2016,111367
41830,양평군,2017,115105
41830,양평군,2018,116095
41830,양평군,2019,116874
41830,양평군,2020,118810
42,강원도,2010,1529818
42,강원도,2011,1536448
42,강원도,2012,1538630
42,강원도,2013,1542263
42,강원도,2014,1544442
42,강원도,2015,1549507
42,강원도,2016,1550806
42,강원도,2017,1550142
42,강원도,2018,1543052
42,강원도,2019,1541502
42,강원도,2020,1542840
42110,춘천시,2010,269950
42110,춘천시,2011,272805
42110,춘천시,2012,273364
42110,춘천시,2013,274455
42110,춘천시,2014,275791
42110,춘천시,2015,277997
42110,춘천시,2016,280707
42110,춘천시,2017,280514
42110,춘천시,2018,280640
42110,춘천시,2019,281291
42110,춘천시,2020,282765
42130,원주시,2010,314678
42130,원주시,2011,320536
42130,원주시,2012,323885
42130,원주시,2013,324837
42130,원주시,2014,327292
42130,원주시,2015,332995
42130,원주시,2016,337979
42130,원주시,2017,341337
42130,원주시,2018,344070
42130,원주시,2019,349215
42130,원주시,2020,354376
42150,강릉시,2010,218503
42150,강릉시,2011,217571
42150,강릉시,2012,217741
42150,강릉시,2013,216806
42150,강릉시,2014,215807
42150,강릉시,2015,214560
42150,강릉시,2016,213846
42150,강릉시,2017,213952
42150,강릉시,2018,212957
42150,강릉시,2019,213442
42150,강릉시,2020,213321
42170,동해시,2010,95236
42170,동해시,2011,95804
42170,동해시,2012,93897
42170,동해시,2013,95143
42170,동해시,2014,94562
42170,동해시,2015,93895
42170,동해시,2016,93297
42170,동해시,2017,92851
42170,동해시,2018,91272
42170,동해시,2019,90522
42170,동해시,2020,90593
42190,태백시,2010,50864
42190,태백시,2011,50176
42190,태백시,2012,49493
42190,태백시,2013,48794
42190,태백시,2014,48258
42190,태백시,2015,47501
42190,태백시,2016,47070
42190,태백시,2017,45888
42190,태백시,2018,44858
42190,태백시,2019,43866
42190,태백시,2020,42719
42210,속초시,2010,84302
42210,속초시,2011,83745
42210,속초시,2012,83579
42210,속초시,2013,83109
42210,속초시,2014,82432
42210,속초시,2015,81992
42210,속초시,2016,81793
42210,속초시,2017,82273
42210,속초시,2018,81682
42210,속초시,2019,81786
42210,속초시,2020,82665
42230,삼척시,2010,72046
42230,삼척시,2011,72312
42230,삼척시,2012,72463
42230,삼척시,2013,73023
42230,삼척시,2014,72314
42230,삼척시,2015,70839
42230,삼척시,2016,69599
42230,삼척시,2017,68514
42230,삼척시,2018,68326
42230,삼척시,2019,67228
42230,삼척시,2020,65243
42720,홍천군,2010,69893
42720,홍천군,2011,69899
42720,홍천군,2012,69727
42720,홍천군,2013,70638
42720,홍천군,2014,70451
42720,홍천군,2015,70336
42720,홍천군,2016,70076
42720,홍천군,2017,70340
42720,홍천군,2018,69949
42720,홍천군,2019,69150
42720,홍천군,2020,69242
42730,횡성군,2010,44254
42730,횡성군,2011,44360
42730,횡성군,2012,44615
42730,횡성군,2013,44937
42730,횡성군,2014,45373
42730,횡성군,2015,45777
42730,횡성군,2016,45991
42730,횡성군,2017,46281
42730,횡성군,2018,46726
42730,횡성군,2019,46575
42730,횡성군,2020,46472
42750,영월군,2010,40407
42750,영월군,2011,40199
42750,영월군,2012,40155
42750,영월군,2013,40150
42750,영월군,2014,40191
42750,영월군,2015,40216
42750,영월군,2016,40073
42750,영월군,2017,40067
42750,영월군,2018,39730
42750,영월군,2019,39127
42750,영월군,2020,38662
42760,평창군,2010,43622
42760,평창군,2011,43577
42760,평창군,2012,43627
42760,평창군,2013,43666
42760,평창군,2014,43660
42760,평창군,2015,43500
42760,평창군,2016,43318
42760,평창군,2017,43092
42760,평창군,2018,42610
42760,평창군,2019,42106
42760,평창군,2020,41681
42770,정선군,2010,41045
42770,정선군,2011,40181
42770,정선군,2012,39915
42770,정선군,2013,39985
42770,정선군,2014,39425
42770,정선군,2015,39197
42770,정선군,2016,38718
42770,정선군,2017,38173
42770,정선군,2018,37700
42770,정선군,2019,37271
42770,정선군,2020,36870
42780,철원군,2010,48928
42780,철원군,2011,48084
42780,철원군,2012,47968
42780,철원군,2013,47473
42780,철원군,2014,47590
42780,철원군,2015,48799
42780,철원군,2016,48013
42780,철원군,2017,47185
42780,철원군,2018,46413
42780,철원군,2019,45584
42780,철원군,2020,44699
42790,화천군,2010,24364
42790,화천군,2011,24945
42790,화천군,2012,25020
42790,화천군,2013,25079
42790,화천군,2014,27143
42790,화천군,2015,27020
42790,화천군,2016,26264
42790,화천군,2017,26022
42790,화천군,2018,25084
42790,화천군,2019,24917
42790,화천군,2020,24857
42800,양구군,2010,21843
42800,양구군,2011,22285
42800,양구군,2012,22799
42800,양구군,2013,23594
42800,양구군,2014,23888
42800,양구군,2015,24089
42800,양구군,2016,24010
42800,양구군,2017,23835
42800,양구군,2018,23408
42800,양구군,2019,22764
42800,양구군,2020,22278
42810,인제군,2010,31842
42810,인제군,2011,31970
42810,인제군,2012,32456
42810,인제군,2013,32517
42810,인제군,2014,32475
42810,인제군,2015,33255
42810,인제군,2016,32720
42810,인제군,2017,32582
42810,인제군,2018,32136
42810,인제군,2019,31672
42810,인제군,2020,31694
42820,고성군,2010,30112
42820,고성군,2011,30057
42820,고성군,2012,30124
42820,고성군,2013,30398
42820,고성군,2014,30269
42820,고성군,2015,30060
42820,고성군,2016,30114
42820,고성군,2017,30029
42820,고성군,2018,28144
42820,고성군,2019,27260
42820,고성군,2020,26757
42830,양양군,2010,27929
42830,양양군,2011,27942
42830,양양군,2012,27802
42830,양양군,2013,27659
42830,양양군,2014,27521
42830,양양군,2015,27479
42830,양양군,2016,27218
42830,양양군,2017,27207
42830,양양군,2018,27347
42830,양양군,2019,27726
42830,양양군,2020,27946
43,충청북도,2010,1549528
43,충청북도,2011,1562903
43,충청북도,2012,1565628
43,충청북도,2013,1572732
43,충청북도,2014,1578933
43,충청북도,2015,1583952
43,충청북도,2016,1591625
43,충청북도,2017,1594432
43,충청북도,2018,1599252
43,충청북도,2019,1600007
43,충청북도,2020,1600837
43110,청주시,2010,655971
43110,청주시,2011,661946
43110,청주시,2012,666852
43110,청주시,2013,672904
43110,청주시,2014,831521
43110,청주시,2015,831912
43110,청주시,2016,835197
43110,청주시,2017,835590
43110,청주시,2018,837749
43110,청주시,2019,839566
43110,청주시,2020,844993
43112,서원구,2010,
43112,서원구,2011,
43112,서원구,2012,
43112,서원구,2013,
43112,서원구,2014,224727
43112,서원구,2015,220045
43112,서원구,2016,217120
43112,서원구,2017,216782
43112,서원구,2018,209404
43112,서원구,2019,203209
43112,서원구,2020,194720
43114,청원구,2010,
43114,청원구,2011,
43114,청원구,2012,
43114,청원구,2013,
43114,청원구,2014,174975
43114,청원구,2015,182017
43114,청원구,2016,190813
43114,청원구,2017,193767
43114,청원구,2018,197225
43114,청원구,2019,195868
43114,청원구,2020,194373
43111,상당구,2010,241589
43111,상당구,2011,241621
43111,상당구,2012,240433
43111,상당구,2013,246128
43111,상당구,2014,179792
43111,상당구,2015,176424
43111,상당구,2016,173701
43111,상당구,2017,171129
43111,상당구,2018,176818
43111,상당구,2019,178352
43111,상당구,2020,190034
43113,흥덕구,2010,414382
43113,흥덕구,2011,420325
43113,흥덕구,2012,426419
43113,흥덕구,2013,426776
43113,흥덕구,2014,252027
43113,흥덕구,2015,253426
43113,흥덕구,2016,253563
43113,흥덕구,2017,253912
43113,흥덕구,2018,254302
43113,흥덕구,2019,262137
43113,흥덕구,2020,265866
43130,충주시,2010,208481
43130,충주시,2011,208433
43130,충주시,2012,208447
43130,충주시,2013,208115
43130,충주시,2014,208527
43130,충주시,2015,207913
43130,충주시,2016,208350
43130,충주시,2017,208316
43130,충주시,2018,210504
43130,충주시,2019,210737
43130,충주시,2020,210186
43150,제천시,2010,137264
43150,제천시,2011,137689
43150,제천시,2012,137521
43150,제천시,2013,137204
43150,제천시,2014,136805
43150,제천시,2015,136138
43150,제천시,2016,136517
43150,제천시,2017,136432
43150,제천시,2018,135386
43150,제천시,2019,134617
43150,제천시,2020,133018
43710,청원군,2010,152944
43710,청원군,2011,158369
43710,청원군,2012,154780
43710,청원군,2013,155002
43710,청원군,2014,
43720,보은군,2010,34956
43720,보은군,2011,34717
43720,보은군,2012,34438
43720,보은군,2013,34318
43720,보은군,2014,34240
43720,보은군,2015,34296
43720,보은군,2016,34221
43720,보은군,2017,34053
43720,보은군,2018,33680
43720,보은군,2019,32949
43720,보은군,2020,32412
43730,옥천군,2010,54025
43730,옥천군,2011,53496
43730,옥천군,2012,53244
43730,옥천군,2013,52763
43730,옥천군,2014,52469
43730,옥천군,2015,52404
43730,옥천군,2016,52267
43730,옥천군,2017,51766
43730,옥천군,2018,51465
43730,옥천군,2019,51023
43730,옥천군,2020,50527
43740,영동군,2010,50523
43740,영동군,2011,50621
43740,영동군,2012,50663
43740,영동군,2013,50539
43740,영동군,2014,50803
43740,영동군,2015,50693
43740,영동군,2016,50552
43740,영동군,2017,50240
43740,영동군,2018,49715
43740,영동군,2019,48738
43740,영동군,2020,47475
43745,증평군,2010,33533
43745,증평군,2011,34009
43745,증평군,2012,34279
43745,증평군,2013,34546
43745,증평군,2014,34771
43745,증평군,2015,36671
43745,증평군,2016,37308
43745,증평군,2017,37783
43745,증평군,2018,37317
43745,증평군,2019,37392
43745,증평군,2020,36807
43750,진천군,2010,62094
43750,진천군,2011,63051
43750,진천군,2012,63458
43750,진천군,2013,64606
43750,진천군,2014,65174
43750,진천군,2015,67981
43750,진천군,2016,69950
43750,진천군,2017,73677
43750,진천군,2018,78218
43750,진천군,2019,81084
43750,진천군,2020,83718
43760,괴산군,2010,36827
43760,괴산군,2011,37333
43760,괴산군,2012,37713
43760,괴산군,2013,38059
43760,괴산군,2014,38351
43760,괴산군,2015,38787
43760,괴산군,2016,38973
43760,괴산군,2017,39054
43760,괴산군,2018,39133
43760,괴산군,2019,39163
43760,괴산군,2020,39393
43770,음성군,2010,91093
43770,음성군,2011,91644
43770,음성군,2012,92980
43770,음성군,2013,93505
43770,음성군,2014,95324
43770,음성군,2015,96396
43770,음성군,2016,97787
43770,음성군,2017,97306
43770,음성군,2018,95830
43770,음성군,2019,94982
43770,음성군,2020,93153
43800,단양군,2010,31817
43800,단양군,2011,31595
43800,단양군,2012,31253
43800,단양군,2013,31171
43800,단양군,2014,30948
43800,단양군,2015,30761
43800,단양군,2016,30503
43800,단양군,2017,30215
43800,단양군,2018,30255
43800,단양군,2019,29756
43800,단양군,2020,29155
44,충청남도,2010,2075514
44,충청남도,2011,2101284
44,충청남도,2012,2028777
44,충청남도,2013,2047631
44,충청남도,2014,2062273
44,충청남도,2015,2077649
44,충청남도,2016,2096727
44,충청남도,2017,2116770
44,충청남도,2018,2126282
44,충청남도,2019,2123709
44,충청남도,2020,2121029
44270,당진시,2010,
44270,당진시,2011,
44270,당진시,2012,155104
44270,당진시,2013,159615
44270,당진시,2014,162844
44270,당진시,2015,165122
44270,당진시,2016,166630
44270,당진시,2017,167439
44270,당진시,2018,167770
44270,당진시,2019,167042
44270,당진시,2020,166249
44130,천안시,2010,557673
44130,천안시,2011,571377
44130,천안시,2012,581988
44130,천안시,2013,591089
44130,천안시,2014,598346
44130,천안시,2015,605776
44130,천안시,2016,617955
44130,천안시,2017,631531
44130,천안시,2018,646075
44130,천안시,2019,652258
44130,천안시,2020,658808
44131,동남구,2010,247323
44131,동남구,2011,252942
44131,동남구,2012,257908
44131,동남구,2013,260575
44131,동남구,2014,261768
44131,동남구,2015,261474
44131,동남구,2016,258919
44131,동남구,2017,255878
44131,동남구,2018,257978
44131,동남구,2019,259411
44131,동남구,2020,258009
44133,서북구,2010,310350
44133,서북구,2011,318435
44133,서북구,2012,324080
44133,서북구,2013,330514
44133,서북구,2014,336578
44133,서북구,2015,344302
44133,서북구,2016,359036
44133,서북구,2017,375653
44133,서북구,2018,388097
44133,서북구,2019,392847
44133,서북구,2020,400799
44150,공주시,2010,124930
44150,공주시,2011,124748
44150,공주시,2012,117298
44150,공주시,2013,116369
44150,공주시,2014,113621
44150,공주시,2015,111261
44150,공주시,2016,109931
44150,공주시,2017,108432
44150,공주시,2018,107581
44150,공주시,2019,106474
44150,공주시,2020,104545
44180,보령시,2010,107346
44180,보령시,2011,106421
44180,보령시,2012,105559
44180,보령시,2013,104938
44180,보령시,2014,104321
44180,보령시,2015,104754
44180,보령시,2016,103873
44180,보령시,2017,103198
44180,보령시,2018,101990
44180,보령시,2019,101114
44180,보령시,2020,100229
44200,아산시,2010,265191
44200,아산시,2011,274523
44200,아산시,2012,280490
44200,아산시,2013,287073
44200,아산시,2014,293954
44200,아산시,2015,297737
44200,아산시,2016,302929
44200,아산시,2017,311453
44200,아산시,2018,312822
44200,아산시,2019,314395
44200,아산시,2020,316129
44210,서산시,2010,160468
44210,서산시,2011,161489
44210,서산시,2012,163315
44210,서산시,2013,165837
44210,서산시,2014,167611
44210,서산시,2015,170099
44210,서산시,2016,170788
44210,서산시,2017,171678
44210,서산시,2018,174162
44210,서산시,2019,174690
44210,서산시,2020,175591
44230,논산시,2010,127507
44230,논산시,2011,127533
44230,논산시,2012,126653
44230,논산시,2013,125844
44230,논산시,2014,124784
44230,논산시,2015,124232
44230,논산시,2016,123213
44230,논산시,2017,122240
44230,논산시,2018,120230
44230,논산시,2019,118842
44230,논산시,2020,116675
44250,계룡시,2010,43088
44250,계룡시,2011,42942
44250,계룡시,2012,41550
44250,계룡시,2013,40957
44250,계룡시,2014,40552
44250,계룡시,2015,41730
44250,계룡시,2016,42634
44250,계룡시,2017,43967
44250,계룡시,2018,43731
44250,계룡시,2019,42971
44250,계룡시,2020,42822
44710,금산군,2010,56555
44710,금산군,2011,56030
44710,금산군,2012,55715
44710,금산군,2013,55441
44710,금산군,2014,55166
44710,금산군,2015,54879
44710,금산군,2016,54612
44710,금산군,2017,53894
44710,금산군,2018,53222
44710,금산군,2019,52257
44710,금산군,2020,51413
44730,연기군,2010,81871
44730,연기군,2011,82890
44730,연기군,2012,
44730,연기군,2013,
44730,연기군,2014,
44760,부여군,2010,75029
44760,부여군,2011,74004
44760,부여군,2012,73259
44760,부여군,2013,72547
44760,부여군,2014,71754
44760,부여군,2015,71143
44760,부여군,2016,70187
44760,부여군,2017,69086
44760,부여군,2018,68078
44760,부여군,2019,66740
44760,부여군,2020,65354
44770,서천군,2010,60085
44770,서천군,2011,59541
44770,서천군,2012,58920
44770,서천군,2013,58441
44770,서천군,2014,57713
44770,서천군,2015,56910
44770,서천군,2016,56012
44770,서천군,2017,55175
44770,서천군,2018,53922
44770,서천군,2019,52805
44770,서천군,2020,51866
44790,청양군,2010,32541
44790,청양군,2011,32291
44790,청양군,2012,32087
44790,청양군,2013,32155
44790,청양군,2014,32248
44790,청양군,2015,32485
44790,청양군,2016,32753
44790,청양군,2017,32837
44790,청양군,2018,32296
44790,청양군,2019,31717
44790,청양군,2020,30948
44800,홍성군,2010,88078
44800,홍성군,2011,88108
44800,홍성군,2012,88415
44800,홍성군,2013,89704
44800,홍성군,2014,91866
44800,홍성군,2015,94553
44800,홍성군,2016,99971
44800,홍성군,2017,101570
44800,홍성군,2018,101082
44800,홍성군,2019,100423
44800,홍성군,2020,100102
44810,예산군,2010,87002
44810,예산군,2011,86421
44810,예산군,2012,85876
44810,예산군,2013,85205
44810,예산군,2014,84919
44810,예산군,2015,83484
44810,예산군,2016,81339
44810,예산군,2017,80338
44810,예산군,2018,80083
44810,예산군,2019,79238
44810,예산군,2020,78084
44825,태안군,2010,63247
44825,태안군,2011,62747
44825,태안군,2012,62548
44825,태안군,2013,62416
44825,태안군,2014,62574
44825,태안군,2015,63484
44825,태안군,2016,63900
44825,태안군,2017,63932
44825,태안군,2018,63238
44825,태안군,2019,62743
44825,태안군,2020,62214
44830,당진군,2010,144903
44830,당진군,2011,150219
44830,당진군,2012,
44830,당진군,2013,
44830,당진군,2014,
45,전라북도,2010,1868963
45,전라북도,2011,1874031
45,전라북도,2012,1873341
45,전라북도,2013,1872965
45,전라북도,2014,1871560
45,전라북도,2015,1869711
45,전라북도,2016,1864791
45,전라북도,2017,1854607
45,전라북도,2018,1836832
45,전라북도,2019,1818917
45,전라북도,2020,1804104
45110,전주시,2010,641525
45110,전주시,2011,645894
45110,전주시,2012,648863
45110,전주시,2013,650082
45110,전주시,2014,652877
45110,전주시,2015,652282
45110,전주시,2016,651744
45110,전주시,2017,648964
45110,전주시,2018,651091
45110,전주시,2019,654394
45110,전주시,2020,657432
45111,완산구,2010,357919
45111,완산구,2011,362636
45111,완산구,2012,363986
45111,완산구,2013,363694
45111,완산구,2014,364872
45111,완산구,2015,365605
45111,완산구,2016,361845
45111,완산구,2017,359012
45111,완산구,2018,345065
45111,완산구,2019,338839
45111,완산구,2020,339718
45113,덕진구,2010,283606
45113,덕진구,2011,283258
45113,덕진구,2012,284877
45113,덕진구,2013,286388
45113,덕진구,2014,288005
45113,덕진구,2015,286677
45113,덕진구,2016,289899
45113,덕진구,2017,289952
45113,덕진구,2018,306026
45113,덕진구,2019,315555
45113,덕진구,2020,317714
45118,전주시효자출장소,2020,0
45130,군산시,2010,272601
45130,군산시,2011,275659
45130,군산시,2012,278341
45130,군산시,2013,278319
45130,군산시,2014,278098
45130,군산시,2015,278398
45130,군산시,2016,277551
45130,군산시,2017,274997
45130,군산시,2018,272645
45130,군산시,2019,270131
45130,군산시,2020,267859
45140,익산시,2010,307289
45140,익산시,2011,309804
45140,익산시,2012,306469
45140,익산시,2013,306539
45140,익산시,2014,304117
45140,익산시,2015,302061
45140,익산시,2016,300479
45140,익산시,2017,300187
45140,익산시,2018,294062
45140,익산시,2019,287771
45140,익산시,2020,282276
45145,익산시함열출장소,2020,0
45180,정읍시,2010,122000
45180,정읍시,2011,120466
45180,정읍시,2012,119392
45180,정읍시,2013,118328
45180,정읍시,2014,117183
45180,정읍시,2015,115977
45180,정읍시,2016,115173
45180,정읍시,2017,113776
45180,정읍시,2018,112169
45180,정읍시,2019,110541
45180,정읍시,2020,108508
45190,남원시,2010,87775
45190,남원시,2011,87455
45190,남원시,2012,87000
45190,남원시,2013,86460
45190,남원시,2014,85643
45190,남원시,2015,84856
45190,남원시,2016,84188
45190,남원시,2017,83281
45190,남원시,2018,82554
45190,남원시,2019,81441
45190,남원시,2020,80662
45210,김제시,2010,94346
45210,김제시,2011,93111
45210,김제시,2012,92317
45210,김제시,2013,91218
45210,김제시,2014,90108
45210,김제시,2015,88721
45210,김제시,2016,87782
45210,김제시,2017,86926
45210,김제시,2018,85331
45210,김제시,2019,83895
45210,김제시,2020,82450
45710,완주군,2010,85119
45710,완주군,2011,84660
45710,완주군,2012,86164
45710,완주군,2013,86978
45710,완주군,2014,90377
45710,완주군,2015,95303
45710,완주군,2016,95480
45710,완주군,2017,95975
45710,완주군,2018,94444
45710,완주군,2019,92220
45710,완주군,2020,91609
45720,진안군,2010,27543
45720,진안군,2011,28473
45720,진안군,2012,26963
45720,진안군,2013,26703
45720,진안군,2014,26474
45720,진안군,2015,26203
45720,진안군,2016,26069
45720,진안군,2017,26271
45720,진안군,2018,25963
45720,진안군,2019,25697
45720,진안군,2020,25394
45730,무주군,2010,25578
45730,무주군,2011,25863
45730,무주군,2012,25321
45730,무주군,2013,25398
45730,무주군,2014,25390
45730,무주군,2015,25220
45730,무주군,2016,24949
45730,무주군,2017,24809
45730,무주군,2018,24589
45730,무주군,2019,24303
45730,무주군,2020,24036
45740,장수군,2010,23386
45740,장수군,2011,23215
45740,장수군,2012,23191
45740,장수군,2013,23243
45740,장수군,2014,23335
45740,장수군,2015,23277
45740,장수군,2016,23628
45740,장수군,2017,23003
45740,장수군,2018,23221
45740,장수군,2019,22441
45740,장수군,2020,22085
45750,임실군,2010,30593
45750,임실군,2011,30789
45750,임실군,2012,29956
45750,임실군,2013,29739
45750,임실군,2014,29966
45750,임실군,2015,30271
45750,임실군,2016,30197
45750,임실군,2017,30162
45750,임실군,2018,30072
45750,임실군,2019,28902
45750,임실군,2020,27314
45770,순창군,2010,30209
45770,순창군,2011,29497
45770,순창군,2012,30055
45770,순창군,2013,30272
45770,순창군,2014,30368
45770,순창군,2015,30248
45770,순창군,2016,29949
45770,순창군,2017,29698
45770,순창군,2018,29209
45770,순창군,2019,28382
45770,순창군,2020,27810
45790,고창군,2010,60861
45790,고창군,2011,60065
45790,고창군,2012,60440
45790,고창군,2013,60522
45790,고창군,2014,60090
45790,고창군,2015,60046
45790,고창군,2016,60597
45790,고창군,2017,60472
45790,고창군,2018,57041
45790,고창군,2019,55504
45790,고창군,2020,54529
45800,부안군,2010,60138
45800,부안군,2011,59080
45800,부안군,2012,58869
45800,부안군,2013,59164
45800,부안군,2014,57534
45800,부안군,2015,56848
45800,부안군,2016,57005
45800,부안군,2017,56086
45800,부안군,2018,54441
45800,부안군,2019,53295
45800,부안군,2020,52140
46,전라남도,2010,1918485
46,전라남도,2011,1914339
46,전라남도,2012,1909618
46,전라남도,2013,1907172
46,전라남도,2014,1905780
46,전라남도,2015,1908996
46,전라남도,2016,1903914
46,전라남도,2017,1896424
46,전라남도,2018,1882970
46,전라남도,2019,1868745
46,전라남도,2020,1851549
46110,목포시,2010,245422
46110,목포시,2011,244871
46110,목포시,2012,245073
46110,목포시,2013,240936
46110,목포시,2014,239109
46110,목포시,2015,238382
46110,목포시,2016,237739
46110,목포시,2017,234379
46110,목포시,2018,232327
46110,목포시,2019,229861
46110,목포시,2020,224044
46130,여수시,2010,293488
46130,여수시,2011,292750
46130,여수시,2012,292217
46130,여수시,2013,291366
46130,여수시,2014,290900
46130,여수시,2015,290168
46130,여수시,2016,288988
46130,여수시,2017,286382
46130,여수시,2018,283300
46130,여수시,2019,282786
46130,여수시,2020,280242
46150,순천시,2010,272620
46150,순천시,2011,272201
46150,순천시,2012,273798
46150,순천시,2013,275668
46150,순천시,2014,277188
46150,순천시,2015,278765
46150,순천시,2016,278548
46150,순천시,2017,279331
46150,순천시,2018,279389
46150,순천시,2019,279598
46150,순천시,2020,282189
46170,나주시,2010,90118
46170,나주시,2011,88243
46170,나주시,2012,88067
46170,나주시,2013,87754
46170,나주시,2014,90669
46170,나주시,2015,98182
46170,나주시,2016,104376
46170,나주시,2017,110110
46170,나주시,2018,113839
46170,나주시,2019,114664
46170,나주시,2020,115613
46230,광양시,2010,145512
46230,광양시,2011,150725
46230,광양시,2012,150837
46230,광양시,2013,151621
46230,광양시,2014,152097
46230,광양시,2015,153587
46230,광양시,2016,155580
46230,광양시,2017,155857
46230,광양시,2018,156564
46230,광양시,2019,156750
46230,광양시,2020,151769
46710,담양군,2010,47808
46710,담양군,2011,47819
46710,담양군,2012,47612
46710,담양군,2013,47365
46710,담양군,2014,47177
46710,담양군,2015,47009
46710,담양군,2016,47229
46710,담양군,2017,47285
46710,담양군,2018,46917
46710,담양군,2019,46535
46710,담양군,2020,46280
46720,곡성군,2010,31886
46720,곡성군,2011,31332
46720,곡성군,2012,30878
46720,곡성군,2013,31009
46720,곡성군,2014,30732
46720,곡성군,2015,30672
46720,곡성군,2016,30400
46720,곡성군,2017,30131
46720,곡성군,2018,29624
46720,곡성군,2019,28887
46720,곡성군,2020,28039
46730,구례군,2010,27375
46730,구례군,2011,27422
46730,구례군,2012,27077
46730,구례군,2013,27115
46730,구례군,2014,27170
46730,구례군,2015,27308
46730,구례군,2016,27412
46730,구례군,2017,27525
46730,구례군,2018,27117
46730,구례군,2019,26563
46730,구례군,2020,25719
46770,고흥군,2010,73924
46770,고흥군,2011,72607
46770,고흥군,2012,71560
46770,고흥군,2013,70631
46770,고흥군,2014,69641
46770,고흥군,2015,68601
46770,고흥군,2016,67656
46770,고흥군,2017,66736
46770,고흥군,2018,65777
46770,고흥군,2019,64913
46770,고흥군,2020,63922
46780,보성군,2010,48792
46780,보성군,2011,47894
46780,보성군,2012,47050
46780,보성군,2013,46385
46780,보성군,2014,45882
46780,보성군,2015,45349
46780,보성군,2016,44469
46780,보성군,2017,43755
46780,보성군,2018,42803
46780,보성군,2019,41420
46780,보성군,2020,40482
46790,화순군,2010,69368
46790,화순군,2011,68985
46790,화순군,2012,68378
46790,화순군,2013,67829
46790,화순군,2014,66772
46790,화순군,2015,65848
46790,화순군,2016,65303
46790,화순군,2017,64680
46790,화순군,2018,63933
46790,화순군,2019,62737
46790,화순군,2020,62522
46800,장흥군,2010,42394
46800,장흥군,2011,42552
46800,장흥군,2012,42672
46800,장흥군,2013,43004
46800,장흥군,2014,43190
46800,장흥군,2015,43513
46800,장흥군,2016,40669
46800,장흥군,2017,40136
46800,장흥군,2018,39312
46800,장흥군,2019,38563
46800,장흥군,2020,37800
46810,강진군,2010,41624
46810,강진군,2011,41599
46810,강진군,2012,40241
46810,강진군,2013,40079
46810,강진군,2014,39861
46810,강진군,2015,38758
46810,강진군,2016,37753
46810,강진군,2017,36868
46810,강진군,2018,36144
46810,강진군,2019,35286
46810,강진군,2020,34597
46820,해남군,2010,79579
46820,해남군,2011,78346
46820,해남군,2012,78150
46820,해남군,2013,77684
46820,해남군,2014,76981
46820,해남군,2015,76194
46820,해남군,2016,75121
46820,해남군,2017,73604
46820,해남군,2018,71901
46820,해남군,2019,70354
46820,해남군,2020,68806
46830,영암군,2010,60082
46830,영암군,2011,60139
46830,영암군,2012,59997
46830,영암군,2013,59061
46830,영암군,2014,58852
46830,영암군,2015,58137
46830,영암군,2016,57045
46830,영암군,2017,55616
46830,영암군,2018,54731
46830,영암군,2019,54593
46830,영암군,2020,53699
46840,무안군,2010,74475
46840,무안군,2011,75718
46840,무안군,2012,75741
46840,무안군,2013,79367
46840,무안군,2014,81696
46840,무안군,2015,82236
46840,무안군,2016,82109
46840,무안군,2017,82872
46840,무안군,2018,81991
46840,무안군,2019,81105
46840,무안군,2020,86132
46860,함평군,2010,36702
46860,함평군,2011,36134
46860,함평군,2012,35780
46860,함평군,2013,35610
46860,함평군,2014,35090
46860,함평군,2015,34876
46860,함평군,2016,34397
46860,함평군,2017,34328
46860,함평군,2018,33420
46860,함평군,2019,32861
46860,함평군,2020,32050
46870,영광군,2010,57362
46870,영광군,2011,56863
46870,영광군,2012,57224
46870,영광군,2013,57617
46870,영광군,2014,56833
46870,영광군,2015,56267
46870,영광군,2016,55618
46870,영광군,2017,54774
46870,영광군,2018,54127
46870,영광군,2019,53852
46870,영광군,2020,53099
46880,장성군,2010,46514
46880,장성군,2011,46245
46880,장성군,2012,46289
46880,장성군,2013,46292
46880,장성군,2014,46273
46880,장성군,2015,46360
46880,장성군,2016,46104
46880,장성군,2017,46111
46880,장성군,2018,45795
46880,장성군,2019,45739
46880,장성군,2020,44464
46890,완도군,2010,54269
46890,완도군,2011,54037
46890,완도군,2012,53871
46890,완도군,2013,53619
46890,완도군,2014,53174
46890,완도군,2015,53014
46890,완도군,2016,52668
46890,완도군,2017,52109
46890,완도군,2018,51477
46890,완도군,2019,50689
46890,완도군,2020,49916
46900,진도군,2010,33743
46900,진도군,2011,33502
46900,진도군,2012,33208
46900,진도군,2013,32998
46900,진도군,2014,32746
46900,진도군,2015,32476
46900,진도군,2016,32078
46900,진도군,2017,31765
46900,진도군,2018,31219
46900,진도군,2019,30715
46900,진도군,2020,31227
46910,신안군,2010,45428
46910,신안군,2011,44355
46910,신안군,2012,43898
46910,신안군,2013,44162
46910,신안군,2014,43747
46910,신안군,2015,43294
46910,신안군,2016,42652
46910,신안군,2017,42070
46910,신안군,2018,41263
46910,신안군,2019,40274
46910,신안군,2020,38938
47,경상북도,2010,2689920
47,경상북도,2011,2699195
47,경상북도,2012,2698353
47,경상북도,2013,2699440
47,경상북도,2014,2700794
47,경상북도,2015,2702826
47,경상북도,2016,2700398
47,경상북도,2017,2691706
47,경상북도,2018,2676831
47,경상북도,2019,2665836
47,경상북도,2020,2639422
47110,포항시,2010,514755
47110,포항시,2011,517088
47110,포항시,2012,518913
47110,포항시,2013,519467
47110,포항시,2014,519368
47110,포항시,2015,519584
47110,포항시,2016,516775
47110,포항시,2017,513832
47110,포항시,2018,510013
47110,포항시,2019,507025
47110,포항시,2020,502916
47111,남구,2010,254288
47111,남구,2011,252556
47111,남구,2012,251434
47111,남구,2013,249709
47111,남구,2014,247649
47111,남구,2015,246445
47111,남구,2016,244748
47111,남구,2017,242469
47111,남구,2018,239400
47111,남구,2019,235633
47111,남구,2020,230422
47113,북구,2010,260467
47113,북구,2011,264532
47113,북구,2012,267479
47113,북구,2013,269758
47113,북구,2014,271719
47113,북구,2015,273139
47113,북구,2016,272027
47113,북구,2017,271363
47113,북구,2018,270613
47113,북구,2019,271392
47113,북구,2020,272494
47130,경주시,2010,267098
47130,경주시,2011,265488
47130,경주시,2012,264091
47130,경주시,2013,263283
47130,경주시,2014,261535
47130,경주시,2015,259773
47130,경주시,2016,259452
47130,경주시,2017,257903
47130,경주시,2018,256864
47130,경주시,2019,255402
47130,경주시,2020,253502
47150,김천시,2010,136136
47150,김천시,2011,136185
47150,김천시,2012,135504
47150,김천시,2013,135259
47150,김천시,2014,135456
47150,김천시,2015,140132
47150,김천시,2016,142256
47150,김천시,2017,142908
47150,김천시,2018,141104
47150,김천시,2019,141229
47150,김천시,2020,140548
47170,안동시,2010,167886
47170,안동시,2011,168157
47170,안동시,2012,168302
47170,안동시,2013,168461
47170,안동시,2014,168697
47170,안동시,2015,169221
47170,안동시,2016,168798
47170,안동시,2017,166272
47170,안동시,2018,162180
47170,안동시,2019,160052
47170,안동시,2020,158907
47190,구미시,2010,404920
47190,구미시,2011,413446
47190,구미시,2012,416949
47190,구미시,2013,419428
47190,구미시,2014,420320
47190,구미시,2015,419915
47190,구미시,2016,419891
47190,구미시,2017,421799
47190,구미시,2018,421494
47190,구미시,2019,419742
47190,구미시,2020,416328
47210,영주시,2010,113926
47210,영주시,2011,114148
47210,영주시,2012,113547
47210,영주시,2013,112625
47210,영주시,2014,110780
47210,영주시,2015,109735
47210,영주시,2016,109247
47210,영주시,2017,108371
47210,영주시,2018,106801
47210,영주시,2019,105067
47210,영주시,2020,103119
47230,영천시,2010,103190
47230,영천시,2011,104182
47230,영천시,2012,101798
47230,영천시,2013,100778
47230,영천시,2014,100689
47230,영천시,2015,100648
47230,영천시,2016,100521
47230,영천시,2017,100615
47230,영천시,2018,101595
47230,영천시,2019,102470
47230,영천시,2020,102015
47250,상주시,2010,105607
47250,상주시,2011,104685
47250,상주시,2012,104182
47250,상주시,2013,103346
47250,상주시,2014,102892
47250,상주시,2015,102374
47250,상주시,2016,101799
47250,상주시,2017,100947
47250,상주시,2018,100297
47250,상주시,2019,100688
47250,상주시,2020,97228
47280,문경시,2010,77391
47280,문경시,2011,76727
47280,문경시,2012,75899
47280,문경시,2013,75664
47280,문경시,2014,75911
47280,문경시,2015,75784
47280,문경시,2016,74702
47280,문경시,2017,73294
47280,문경시,2018,71874
47280,문경시,2019,72242
47280,문경시,2020,71406
47290,경산시,2010,240708
47290,경산시,2011,243684
47290,경산시,2012,246358
47290,경산시,2013,248805
47290,경산시,2014,253968
47290,경산시,2015,256888
47290,경산시,2016,258037
47290,경산시,2017,259485
47290,경산시,2018,261093
47290,경산시,2019,263185
47290,경산시,2020,263728
47720,군위군,2010,24736
47720,군위군,2011,24268
47720,군위군,2012,24119
47720,군위군,2013,24172
47720,군위군,2014,24170
47720,군위군,2015,24126
47720,군위군,2016,24171
47720,군위군,2017,24215
47720,군위군,2018,23919
47720,군위군,2019,23843
47720,군위군,2020,23256
47730,의성군,2010,58832
47730,의성군,2011,57744
47730,의성군,2012,57043
47730,의성군,2013,56064
47730,의성군,2014,55212
47730,의성군,2015,54477
47730,의성군,2016,54014
47730,의성군,2017,53474
47730,의성군,2018,52944
47730,의성군,2019,52595
47730,의성군,2020,51724
47750,청송군,2010,26715
47750,청송군,2011,26569
47750,청송군,2012,26481
47750,청송군,2013,26470
47750,청송군,2014,26453
47750,청송군,2015,26384
47750,청송군,2016,26301
47750,청송군,2017,26006
47750,청송군,2018,25678
47750,청송군,2019,25416
47750,청송군,2020,25044
47760,영양군,2010,18451
47760,영양군,2011,18241
47760,영양군,2012,18208
47760,영양군,2013,18297
47760,영양군,2014,18197
47760,영양군,2015,17898
47760,영양군,2016,17713
47760,영양군,2017,17479
47760,영양군,2018,17356
47760,영양군,2019,16993
47760,영양군,2020,16692
47770,영덕군,2010,41377
47770,영덕군,2011,40794
47770,영덕군,2012,40257
47770,영덕군,2013,40142
47770,영덕군,2014,39586
47770,영덕군,2015,39191
47770,영덕군,2016,39052
47770,영덕군,2017,38529
47770,영덕군,2018,38108
47770,영덕군,2019,37361
47770,영덕군,2020,36313
47820,청도군,2010,44391
47820,청도군,2011,44298
47820,청도군,2012,43968
47820,청도군,2013,43788
47820,청도군,2014,43993
47820,청도군,2015,43724
47820,청도군,2016,43564
47820,청도군,2017,43346
47820,청도군,2018,43057
47820,청도군,2019,42910
47820,청도군,2020,42263
47830,고령군,2010,34678
47830,고령군,2011,35455
47830,고령군,2012,35343
47830,고령군,2013,35198
47830,고령군,2014,35033
47830,고령군,2015,34594
47830,고령군,2016,34257
47830,고령군,2017,33768
47830,고령군,2018,32969
47830,고령군,2019,32373
47830,고령군,2020,31361
47840,성주군,2010,45289
47840,성주군,2011,45640
47840,성주군,2012,45127
47840,성주군,2013,45067
47840,성주군,2014,44981
47840,성주군,2015,45029
47840,성주군,2016,45205
47840,성주군,2017,45138
47840,성주군,2018,44672
47840,성주군,2019,44015
47840,성주군,2020,43414
47850,칠곡군,2010,119087
47850,칠곡군,2011,118838
47850,칠곡군,2012,119786
47850,칠곡군,2013,121182
47850,칠곡군,2014,122058
47850,칠곡군,2015,122829
47850,칠곡군,2016,123199
47850,칠곡군,2017,120864
47850,칠곡군,2018,118828
47850,칠곡군,2019,117047
47850,칠곡군,2020,114758
47900,예천군,2010,47049
47900,예천군,2011,46579
47900,예천군,2012,46027
47900,예천군,2013,45573
47900,예천군,2014,45104
47900,예천군,2015,44674
47900,예천군,2016,46166
47900,예천군,2017,49253
47900,예천군,2018,53274
47900,예천군,2019,55100
47900,예천군,2020,55613
47920,봉화군,2010,34567
47920,봉화군,2011,34192
47920,봉화군,2012,33934
47920,봉화군,2013,33894
47920,봉화군,2014,34023
47920,봉화군,2015,33808
47920,봉화군,2016,33539
47920,봉화군,2017,33259
47920,봉화군,2018,32843
47920,봉화군,2019,32150
47920,봉화군,2020,31494
47930,울진군,2010,52430
47930,울진군,2011,52045
47930,울진군,2012,51844
47930,울진군,2013,51953
47930,울진군,2014,52104
47930,울진군,2015,51885
47930,울진군,2016,51738
47930,울진군,2017,50974
47930,울진군,2018,50036
47930,울진군,2019,49314
47930,울진군,2020,48716
47940,울릉군,2010,10701
47940,울릉군,2011,10742
47940,울릉군,2012,10673
47940,울릉군,2013,10524
47940,울릉군,2014,10264
47940,울릉군,2015,10153
47940,울릉군,2016,10001
47940,울릉군,2017,9975
47940,울릉군,2018,9832
47940,울릉군,2019,9617
47940,울릉군,2020,9077
48,경상남도,2010,3290536
48,경상남도,2011,3308765
48,경상남도,2012,3319314
48,경상남도,2013,3333820
48,경상남도,2014,3350257
48,경상남도,2015,3364702
48,경상남도,2016,3373871
48,경상남도,2017,3380404
48,경상남도,2018,3373988
48,경상남도,2019,3362553
48,경상남도,2020,3340216
48120,창원시,2010,1090181
48120,창원시,2011,1091881
48120,창원시,2012,1091471
48120,창원시,2013,1083731
48120,창원시,2014,1075168
48120,창원시,2015,1070064
48120,창원시,2016,1063907
48120,창원시,2017,1057032
48120,창원시,2018,1053601
48120,창원시,2019,1044740
48120,창원시,2020,1036738
48121,의창구,2010,251647
48121,의창구,2011,254419
48121,의창구,2012,255394
48121,의창구,2013,255816
48121,의창구,2014,258250
48121,의창구,2015,256471
48121,의창구,2016,252435
48121,의창구,2017,253349
48121,의창구,2018,252896
48121,의창구,2019,258582
48121,의창구,2020,262408
48123,성산구,2010,251073
48123,성산구,2011,247720
48123,성산구,2012,246801
48123,성산구,2013,242870
48123,성산구,2014,238414
48123,성산구,2015,234399
48123,성산구,2016,231571
48123,성산구,2017,227942
48123,성산구,2018,227337
48123,성산구,2019,220945
48123,성산구,2020,214570
48125,마산합포구,2010,186420
48125,마산합포구,2011,186399
48125,마산합포구,2012,185505
48125,마산합포구,2013,183365
48125,마산합포구,2014,182223
48125,마산합포구,2015,181670
48125,마산합포구,2016,181797
48125,마산합포구,2017,181917
48125,마산합포구,2018,180535
48125,마산합포구,2019,177784
48125,마산합포구,2020,175716
48127,마산회원구,2010,225182
48127,마산회원구,2011,223235
48127,마산회원구,2012,221388
48127,마산회원구,2013,219558
48127,마산회원구,2014,214291
48127,마산회원구,2015,211791
48127,마산회원구,2016,210791
48127,마산회원구,2017,203926
48127,마산회원구,2018,199457
48127,마산회원구,2019,193807
48127,마산회원구,2020,191289
48129,진해구,2010,175859
48129,진해구,2011,180108
48129,진해구,2012,182383
48129,진해구,2013,182122
48129,진해구,2014,181990
48129,진해구,2015,185733
48129,진해구,2016,187313
48129,진해구,2017,189898
48129,진해구,2018,193376
48129,진해구,2019,193622
48129,진해구,2020,192755
48110,창원시,2010,
48110,창원시,2011,
48110,창원시,2012,
48110,창원시,2013,
48110,창원시,2014,
48160,마산시,2010,
48160,마산시,2011,
48160,마산시,2012,
48160,마산시,2013,
48160,마산시,2014,
48170,진주시,2010,335037
48170,진주시,2011,335502
48170,진주시,2012,337314
48170,진주시,2013,337071
48170,진주시,2014,340241
48170,진주시,2015,344426
48170,진주시,2016,346739
48170,진주시,2017,346681
48170,진주시,2018,345987
48170,진주시,2019,347334
48170,진주시,2020,348096
48190,진해시,2010,
48190,진해시,2011,
48190,진해시,2012,
48190,진해시,2013,
48190,진해시,2014,
48220,통영시,2010,140297
48220,통영시,2011,140195
48220,통영시,2012,139347
48220,통영시,2013,139719
48220,통영시,2014,139439
48220,통영시,2015,139168
48220,통영시,2016,138160
48220,통영시,2017,135833
48220,통영시,2018,133720
48220,통영시,2019,131404
48220,통영시,2020,128293
48240,사천시,2010,114148
48240,사천시,2011,114133
48240,사천시,2012,115321
48240,사천시,2013,116851
48240,사천시,2014,116485
48240,사천시,2015,115452
48240,사천시,2016,114912
48240,사천시,2017,114252
48240,사천시,2018,113888
48240,사천시,2019,111925
48240,사천시,2020,111105
48245,사천남양출장소,2020,0
48250,김해시,2010,503348
48250,김해시,2011,507062
48250,김해시,2012,513260
48250,김해시,2013,522049
48250,김해시,2014,527240
48250,김해시,2015,528865
48250,김해시,2016,529422
48250,김해시,2017,532132
48250,김해시,2018,533672
48250,김해시,2019,542455
48250,김해시,2020,542338
48252,장유출장소,2020,0
48270,밀양시,2010,110479
48270,밀양시,2011,109329
48270,밀양시,2012,108755
48270,밀양시,2013,108342
48270,밀양시,2014,107765
48270,밀양시,2015,107896
48270,밀양시,2016,108354
48270,밀양시,2017,107898
48270,밀양시,2018,106744
48270,밀양시,2019,105552
48270,밀양시,2020,104831
48310,거제시,2010,228355
48310,거제시,2011,232787
48310,거제시,2012,236944
48310,거제시,2013,242077
48310,거제시,2014,248287
48310,거제시,2015,255828
48310,거제시,2016,257183
48310,거제시,2017,254073
48310,거제시,2018,250516
48310,거제시,2019,248276
48310,거제시,2020,245754
48330,양산시,2010,260239
48330,양산시,2011,266403
48330,양산시,2012,270460
48330,양산시,2013,279565
48330,양산시,2014,292376
48330,양산시,2015,301291
48330,양산시,2016,317037
48330,양산시,2017,338535
48330,양산시,2018,348639
48330,양산시,2019,350759
48330,양산시,2020,352229
48332,양산시웅상출장소,2020,0
48720,의령군,2010,30162
48720,의령군,2011,30045
48720,의령군,2012,30329
48720,의령군,2013,29417
48720,의령군,2014,29209
48720,의령군,2015,28544
48720,의령군,2016,28111
48720,의령군,2017,27849
48720,의령군,2018,27667
48720,의령군,2019,27168
48720,의령군,2020,26800
48730,함안군,2010,67207
48730,함안군,2011,66971
48730,함안군,2012,67425
48730,함안군,2013,67667
48730,함안군,2014,68741
48730,함안군,2015,69156
48730,함안군,2016,68937
48730,함안군,2017,68207
48730,함안군,2018,67025
48730,함안군,2019,65700
48730,함안군,2020,64182
48740,창녕군,2010,61714
48740,창녕군,2011,62490
48740,창녕군,2012,62966
48740,창녕군,2013,63447
48740,창녕군,2014,63502
48740,창녕군,2015,63817
48740,창녕군,2016,63982
48740,창녕군,2017,64101
48740,창녕군,2018,63396
48740,창녕군,2019,62331
48740,창녕군,2020,61301
48820,고성군,2010,57231
48820,고성군,2011,57264
48820,고성군,2012,56906
48820,고성군,2013,56369
48820,고성군,2014,55916
48820,고성군,2015,55284
48820,고성군,2016,54703
48820,고성군,2017,54060
48820,고성군,2018,53243
48820,고성군,2019,52276
48820,고성군,2020,51361
48840,남해군,2010,49328
48840,남해군,2011,50242
48840,남해군,2012,48223
48840,남해군,2013,47244
48840,남해군,2014,46638
48840,남해군,2015,45865
48840,남해군,2016,45129
48840,남해군,2017,44642
48840,남해군,2018,43990
48840,남해군,2019,43622
48840,남해군,2020,42958
48850,하동군,2010,51509
48850,하동군,2011,53975
48850,하동군,2012,50806
48850,하동군,2013,50177
48850,하동군,2014,49223
48850,하동군,2015,50259
48850,하동군,2016,49622
48850,하동군,2017,48831
48850,하동군,2018,47533
48850,하동군,2019,46574
48850,하동군,2020,44785
48860,산청군,2010,35591
48860,산청군,2011,35651
48860,산청군,2012,35691
48860,산청군,2013,35935
48860,산청군,2014,35849
48860,산청군,2015,36071
48860,산청군,2016,36098
48860,산청군,2017,36340
48860,산청군,2018,35952
48860,산청군,2019,35417
48860,산청군,2020,34857
48870,함양군,2010,41197
48870,함양군,2011,41081
48870,함양군,2012,40714
48870,함양군,2013,40692
48870,함양군,2014,40584
48870,함양군,2015,40339
48870,함양군,2016,40241
48870,함양군,2017,40175
48870,함양군,2018,40044
48870,함양군,2019,39637
48870,함양군,2020,39080
48880,거창군,2010,63421
48880,거창군,2011,63146
48880,거창군,2012,63103
48880,거창군,2013,63177
48880,거창군,2014,63137
48880,거창군,2015,63232
48880,거창군,2016,63308
48880,거창군,2017,62763
48880,거창군,2018,62455
48880,거창군,2019,62179
48880,거창군,2020,61502
48890,합천군,2010,51092
48890,합천군,2011,50608
48890,합천군,2012,50279
48890,합천군,2013,50290
48890,합천군,2014,50457
48890,합천군,2015,49145
48890,합천군,2016,48026
48890,합천군,2017,47000
48890,합천군,2018,45916
48890,합천군,2019,45204
48890,합천군,2020,44006
50,제주특별자치도,2010,571255
50,제주특별자치도,2011,576156
50,제주특별자치도,2012,583713
50,제주특별자치도,2013,593806
50,제주특별자치도,2014,607346
50,제주특별자치도,2015,624395
50,제주특별자치도,2016,641597
50,제주특별자치도,2017,657083
50,제주특별자치도,2018,667191
50,제주특별자치도,2019,670989
50,제주특별자치도,2020,674635
50110,제주시,2010,417539
50110,제주시,2011,422790
50110,제주시,2012,429656
50110,제주시,2013,438165
50110,제주시,2014,448834
50110,제주시,2015,459876
50110,제주시,2016,470665
50110,제주시,2017,478700
50110,제주시,2018,485946
50110,제주시,2019,489405
50110,제주시,2020,492466
50130,서귀포시,2010,153716
50130,서귀포시,2011,153366
50130,서귀포시,2012,154057
50130,서귀포시,2013,155641
50130,서귀포시,2014,158512
50130,서귀포시,2015,164519
50130,서귀포시,2016,170932
50130,서귀포시,2017,178383
50130,서귀포시,2018,181245
50130,서귀포시,2019,181584
50130,서귀포시,2020,182169
